,precision,recall,f1-score,support
discord,1.0,0.6666666666666666,0.8,3.0
facebook,0.38823529411764707,0.9428571428571428,0.55,35.0
instagram,0.7164179104477612,0.8421052631578947,0.7741935483870968,57.0
linkedin,0.5,1.0,0.6666666666666666,2.0
messenger,0.0,0.0,0.0,0.0
meta,0.0,0.0,0.0,2.0
parler,0.9393939393939394,0.96875,0.9538461538461539,32.0
pinterest,0.6666666666666666,0.5,0.5714285714285715,4.0
reddit,0.0,0.0,0.0,0.0
rumble,1.0,1.0,1.0,7.0
skype,0.0,0.0,0.0,0.0
snapchat,0.6,1.0,0.7499999999999999,3.0
tiktok,0.4065934065934066,0.9487179487179487,0.5692307692307692,39.0
truth social,1.0,1.0,1.0,1.0
twitter,0.6788990825688074,0.891566265060241,0.7708333333333334,83.0
twitter (x),0.36363636363636365,0.9090909090909091,0.5194805194805195,22.0
whatsapp,0.0,0.0,0.0,0.0
youtube,0.16666666666666666,1.0,0.2857142857142857,2.0
micro avg,0.5446985446985447,0.8972602739726028,0.6778783958602846,292.0
macro avg,0.46813940722729214,0.6483196775306002,0.5117441026715221,292.0
weighted avg,0.6215425649335616,0.8972602739726028,0.7135285050234786,292.0
samples avg,0.009113619833665371,0.00898317680169497,0.009014611125416553,292.0
