,precision,recall,f1-score,support
facebook,0.5,1.0,0.6666666666666666,1.0
instagram,0.09090909090909091,1.0,0.16666666666666669,1.0
parler,0.0,0.0,0.0,0.0
tiktok,0.0,0.0,0.0,0.0
truth social,1.0,1.0,1.0,1.0
twitter,0.7674418604651163,1.0,0.868421052631579,33.0
twitter (x),0.8,0.5714285714285714,0.6666666666666666,7.0
youtube,0.0,0.0,0.0,0.0
micro avg,0.23391812865497075,0.9302325581395349,0.3738317757009346,43.0
macro avg,0.3947938689217759,0.5714285714285714,0.42105263157894735,43.0
weighted avg,0.7561974531687891,0.9302325581395349,0.8176254589963281,43.0
samples avg,0.0017102787754403968,0.0016889002907473918,0.0016960264523117267,43.0
