,precision,recall,f1-score,support
discord,1.0,0.6666666666666666,0.8,3.0
facebook,0.6333333333333333,0.95,0.7599999999999999,40.0
instagram,0.8032786885245902,0.765625,0.784,64.0
linkedin,1.0,1.0,1.0,2.0
meta,0.0,0.0,0.0,2.0
parler,0.8918918918918919,0.9705882352941176,0.9295774647887325,34.0
pinterest,1.0,0.5,0.6666666666666666,4.0
rumble,0.875,1.0,0.9333333333333333,7.0
snapchat,0.6,1.0,0.7499999999999999,3.0
tiktok,0.4942528735632184,0.9555555555555556,0.6515151515151515,45.0
truth social,1.0,1.0,1.0,1.0
twitter,0.782051282051282,0.6931818181818182,0.7349397590361446,88.0
twitter (x),0.6216216216216216,0.7666666666666667,0.6865671641791045,30.0
youtube,0.058823529411764705,1.0,0.1111111111111111,2.0
micro avg,0.642512077294686,0.8184615384615385,0.7198917456021652,325.0
macro avg,0.6971609443141216,0.8048774244546305,0.7005507607593031,325.0
weighted avg,0.7225251740355731,0.8184615384615385,0.7502884663500764,325.0
samples avg,0.008337609030271934,0.00811883587024685,0.008189841437660833,325.0
