,precision,recall,f1-score,support
discord,0.0,0.0,0.0,0.0
facebook,0.72,0.782608695652174,0.7499999999999999,23.0
instagram,0.5,1.0,0.6666666666666666,2.0
linkedin,0.0,0.0,0.0,0.0
meta,0.0,0.0,0.0,0.0
parler,0.875,1.0,0.9333333333333333,7.0
pinterest,0.0,0.0,0.0,0.0
threads,1.0,1.0,1.0,2.0
tiktok,1.0,1.0,1.0,3.0
truth social,1.0,1.0,1.0,2.0
twitter,1.0,0.9590163934426229,0.9790794979079497,122.0
twitter (x),0.3333333333333333,1.0,0.5,4.0
youtube,0.6666666666666666,1.0,0.8,2.0
micro avg,0.8626373626373627,0.9401197604790419,0.8997134670487106,167.0
macro avg,0.5457692307692308,0.6724326991611382,0.5868522690698422,167.0
weighted avg,0.9302495009980041,0.9401197604790419,0.9291279365954284,167.0
samples avg,0.008111871178642776,0.008111871178642776,0.008111871178642776,167.0
