,precision,recall,f1-score,support
discord,1.0,1.0,1.0,3.0
facebook,0.0,0.0,0.0,0.0
instagram,0.0,0.0,0.0,0.0
linkedin,0.0,0.0,0.0,0.0
meta,1.0,1.0,1.0,3.0
parler,0.0,0.0,0.0,0.0
pinterest,0.0,0.0,0.0,0.0
rumble,0.0,0.0,0.0,0.0
snapchat,1.0,1.0,1.0,2.0
tiktok,0.3333333333333333,1.0,0.5,2.0
truth social,0.6666666666666666,1.0,0.8,2.0
twitter,0.625,0.625,0.625,8.0
twitter (x),0.5238095238095238,1.0,0.6875000000000001,11.0
youtube,0.25,1.0,0.4,4.0
micro avg,0.3902439024390244,0.9142857142857143,0.5470085470085471,35.0
macro avg,0.38562925170068024,0.5446428571428571,0.42946428571428574,35.0
weighted avg,0.6217687074829932,0.9142857142857143,0.7075000000000001,35.0
samples avg,0.0017787000667012524,0.0017787000667012524,0.0017787000667012524,35.0
