,precision,recall,f1-score,support
discord,0.6666666666666666,1.0,0.8,2.0
facebook,0.0,0.0,0.0,0.0
instagram,0.0,0.0,0.0,0.0
meta,0.6666666666666666,1.0,0.8,2.0
parler,0.0,0.0,0.0,0.0
rumble,0.0,0.0,0.0,0.0
snapchat,0.5,1.0,0.6666666666666666,1.0
tiktok,0.14285714285714285,1.0,0.25,1.0
truth social,1.0,1.0,1.0,2.0
twitter,0.7142857142857143,0.7142857142857143,0.7142857142857143,7.0
twitter (x),0.2702702702702703,1.0,0.4255319148936171,10.0
youtube,0.8,1.0,0.888888888888889,4.0
micro avg,0.3333333333333333,0.9310344827586207,0.49090909090909085,29.0
macro avg,0.3967288717288717,0.6428571428571429,0.46211443206124064,29.0
weighted avg,0.5590422935250521,0.9310344827586207,0.6526738403847723,29.0
samples avg,0.0019371312846702474,0.0019371312846702474,0.0019371312846702474,29.0
