,precision,recall,f1-score,support
discord,0.75,1.0,0.8571428571428571,3.0
facebook,0.0,0.0,0.0,0.0
instagram,0.0,0.0,0.0,0.0
meta,0.75,1.0,0.8571428571428571,3.0
parler,0.0,0.0,0.0,0.0
rumble,0.0,0.0,0.0,0.0
snapchat,1.0,1.0,1.0,2.0
tiktok,0.25,1.0,0.4,2.0
truth social,0.5,1.0,0.6666666666666666,2.0
twitter,0.8333333333333334,0.625,0.7142857142857143,8.0
twitter (x),0.2857142857142857,0.9090909090909091,0.43478260869565216,11.0
youtube,0.5714285714285714,1.0,0.7272727272727273,4.0
micro avg,0.36470588235294116,0.8857142857142857,0.5166666666666666,35.0
macro avg,0.41170634920634913,0.6278409090909091,0.47144111926720617,35.0
weighted avg,0.5741496598639456,0.8857142857142857,0.6480621655776936,35.0
samples avg,0.001692670002943774,0.001692670002943774,0.001692670002943774,35.0
