,precision,recall,f1-score,support
Twitter,1.0,1.0,1.0,55.0
Twitter (X),0.0,0.0,0.0,0.0
micro avg,0.9821428571428571,1.0,0.9909909909909909,55.0
macro avg,0.5,0.5,0.5,55.0
weighted avg,1.0,1.0,1.0,55.0
samples avg,0.015023217700081944,0.015023217700081944,0.015023217700081944,55.0
