,precision,recall,f1-score,support
Twitter,0.9821428571428571,1.0,0.9909909909909909,55.0
Twitter (X),0.0,0.0,0.0,0.0
YouTube,0.0,0.0,0.0,0.0
micro avg,0.9482758620689655,1.0,0.9734513274336283,55.0
macro avg,0.3273809523809524,0.3333333333333333,0.33033033033033027,55.0
weighted avg,0.9821428571428571,1.0,0.9909909909909909,55.0
samples avg,0.015023217700081944,0.015023217700081944,0.015023217700081944,55.0
