,precision,recall,f1-score,support
- Answer: N/A,0.0,0.0,0.0,0.0
Answer: N/A,0.0,0.0,0.0,0.0
Twitter,0.9649122807017544,1.0,0.9821428571428572,55.0
micro avg,0.9166666666666666,1.0,0.9565217391304348,55.0
macro avg,0.3216374269005848,0.3333333333333333,0.3273809523809524,55.0
weighted avg,0.9649122807017544,1.0,0.9821428571428572,55.0
samples avg,0.015023217700081944,0.015023217700081944,0.015023217700081944,55.0
