,precision,recall,f1-score,support
discord,1.0,1.0,1.0,3.0
facebook,0.0,0.0,0.0,0.0
instagram,0.0,0.0,0.0,0.0
meta,0.75,1.0,0.8571428571428571,3.0
parler,0.0,0.0,0.0,0.0
rumble,0.0,0.0,0.0,0.0
snapchat,0.6666666666666666,1.0,0.8,2.0
tiktok,0.3333333333333333,1.0,0.5,2.0
truth social,1.0,1.0,1.0,2.0
twitter,0.6,0.375,0.4615384615384615,8.0
twitter (x),0.30303030303030304,0.9090909090909091,0.45454545454545453,11.0
youtube,0.3,0.75,0.4285714285714285,4.0
micro avg,0.35443037974683544,0.8,0.4912280701754386,35.0
macro avg,0.4127525252525252,0.5861742424242424,0.4584831834831835,35.0
weighted avg,0.530952380952381,0.8,0.5879434850863423,35.0
samples avg,0.0014718869590815426,0.0014718869590815426,0.0014718869590815426,35.0
