,precision,recall,f1-score,support
instagram,0.0,0.0,0.0,0.0
truth social,1.0,1.0,1.0,2.0
twitter,0.8518518518518519,0.9583333333333334,0.9019607843137256,72.0
twitter (x),1.0,1.0,1.0,2.0
micro avg,0.8295454545454546,0.9605263157894737,0.8902439024390244,76.0
macro avg,0.712962962962963,0.7395833333333334,0.7254901960784315,76.0
weighted avg,0.8596491228070177,0.9605263157894737,0.9071207430340559,76.0
samples avg,0.004867640194705608,0.004867640194705608,0.004867640194705608,76.0
