,precision,recall,f1-score,support
facebook,0.0,0.0,0.0,0.0
instagram,0.0,0.0,0.0,0.0
parler,0.0,0.0,0.0,0.0
tiktok,0.0,0.0,0.0,0.0
truth social,1.0,1.0,1.0,2.0
twitter,0.5555555555555556,0.5555555555555556,0.5555555555555556,9.0
twitter (x),1.0,0.9,0.9473684210526316,10.0
youtube,1.0,0.75,0.8571428571428571,4.0
micro avg,0.6333333333333333,0.76,0.6909090909090909,25.0
macro avg,0.4444444444444444,0.40069444444444446,0.4200083542188805,25.0
weighted avg,0.84,0.76,0.7960902255639098,25.0
samples avg,0.0013982926111274655,0.0013982926111274655,0.0013982926111274655,25.0
