,precision,recall,f1-score,support
Facebook,0.0,0.0,0.0,0.0
Instagram,0.6666666666666666,0.8571428571428571,0.75,7.0
LinkedIn,0.0,0.0,0.0,0.0
Snapchat,0.0,0.0,0.0,0.0
Twitter,0.9682539682539683,0.953125,0.9606299212598425,64.0
micro avg,0.881578947368421,0.9436619718309859,0.9115646258503401,71.0
macro avg,0.326984126984127,0.3620535714285714,0.3421259842519685,71.0
weighted avg,0.9385200089425442,0.9436619718309859,0.9398635909947877,71.0
samples avg,0.018301010652827097,0.018301010652827097,0.018301010652827097,71.0
