,precision,recall,f1-score,support
facebook,0.0,0.0,0.0,0.0
instagram,0.0,0.0,0.0,0.0
linkedin,0.0,0.0,0.0,0.0
parler,0.0,0.0,0.0,0.0
tiktok,0.0,0.0,0.0,0.0
truth social,0.6666666666666666,1.0,0.8,2.0
twitter,0.5454545454545454,0.6666666666666666,0.6,9.0
twitter (x),1.0,1.0,1.0,10.0
youtube,1.0,1.0,1.0,4.0
micro avg,0.5,0.88,0.6376811594202899,25.0
macro avg,0.3569023569023569,0.4074074074074074,0.3777777777777778,25.0
weighted avg,0.8096969696969697,0.88,0.84,25.0
samples avg,0.0016190756549896968,0.0016190756549896968,0.0016190756549896968,25.0
